X,Y,id,
-99.5053759142407,37.1310586013303,,
